id,name,email,password
1,Aisha Yadav,aisha.yadav1@gmail.com,pass001
2,Sanjay Malhotra,sanjay.malhotra2@gmail.com,pass002
3,Rohan Sethi,rohan.sethi3@gmail.com,pass003
4,Yash Khanna,yash.khanna4@gmail.com,pass004
5,Riya Roy,riya.roy5@gmail.com,pass005
6,Aisha Rana,aisha.rana6@gmail.com,pass006
7,Yash Sethi,yash.sethi7@gmail.com,pass007
8,Kabir Thomas,kabir.thomas8@gmail.com,pass008
9,Sneha Das,sneha.das9@gmail.com,pass009
10,Isha Jain,isha.jain10@gmail.com,pass010
11,Sneha Patel,sneha.patel11@gmail.com,pass011
12,Isha Saxena,isha.saxena12@gmail.com,pass012
13,Sanjay Nair,sanjay.nair13@gmail.com,pass013
14,Aditya Menon,aditya.menon14@gmail.com,pass014
15,Rahul Verma,rahul.verma15@gmail.com,pass015
16,Ananya Mishra,ananya.mishra16@gmail.com,pass016
17,Rohan Kulkarni,rohan.kulkarni17@gmail.com,pass017
18,Tanya Sethi,tanya.sethi18@gmail.com,pass018
19,Nisha Saxena,nisha.saxena19@gmail.com,pass019
20,Yash Fernandes,yash.fernandes20@gmail.com,pass020
21,Aryan Bhat,aryan.bhat21@gmail.com,pass021
22,Simran Bose,simran.bose22@gmail.com,pass022
23,Nikhil Das,nikhil.das23@gmail.com,pass023
24,Vikram Bhat,vikram.bhat24@gmail.com,pass024
25,Nisha Nair,nisha.nair25@gmail.com,pass025
26,Priya Rana,priya.rana26@gmail.com,pass026
27,Varun Mishra,varun.mishra27@gmail.com,pass027
28,Pooja Khanna,pooja.khanna28@gmail.com,pass028
29,Sara Arora,sara.arora29@gmail.com,pass029
30,Neha Verma,neha.verma30@gmail.com,pass030
31,Priya Sethi,priya.sethi31@gmail.com,pass031
32,Yash Menon,yash.menon32@gmail.com,pass032
33,Meera Yadav,meera.yadav33@gmail.com,pass033
34,Rahul Dubey,rahul.dubey34@gmail.com,pass034
35,Aryan Pillai,aryan.pillai35@gmail.com,pass035
36,Aman Arora,aman.arora36@gmail.com,pass036
37,Arjun Das,arjun.das37@gmail.com,pass037
38,Diya Joshi,diya.joshi38@gmail.com,pass038
39,Nikhil Kapoor,nikhil.kapoor39@gmail.com,pass039
40,Varun Bhat,varun.bhat40@gmail.com,pass040
41,Varun Gupta,varun.gupta41@gmail.com,pass041
42,Diya Patel,diya.patel42@gmail.com,pass042
43,Rohan Bose,rohan.bose43@gmail.com,pass043
44,Aisha Chopra,aisha.chopra44@gmail.com,pass044
45,Dev Mishra,dev.mishra45@gmail.com,pass045
46,Yash Jain,yash.jain46@gmail.com,pass046
47,Sanjay Khanna,sanjay.khanna47@gmail.com,pass047
48,Riya Yadav,riya.yadav48@gmail.com,pass048
49,Nisha Reddy,nisha.reddy49@gmail.com,pass049
50,Rahul Iyer,rahul.iyer50@gmail.com,pass050
51,Diya Bose,diya.bose51@gmail.com,pass051
52,Diya Verma,diya.verma52@gmail.com,pass052
53,Aditya Roy,aditya.roy53@gmail.com,pass053
54,Aryan Rana,aryan.rana54@gmail.com,pass054
55,Yash Thomas,yash.thomas55@gmail.com,pass055
56,Kabir Jain,kabir.jain56@gmail.com,pass056
57,Rahul Chopra,rahul.chopra57@gmail.com,pass057
58,Kunal Das,kunal.das58@gmail.com,pass058
59,Varun Sethi,varun.sethi59@gmail.com,pass059
60,Nikhil Menon,nikhil.menon60@gmail.com,pass060
61,Nisha Kapoor,nisha.kapoor61@gmail.com,pass061
62,Yash Kapoor,yash.kapoor62@gmail.com,pass062
63,Aditya Arora,aditya.arora63@gmail.com,pass063
64,Dev Joshi,dev.joshi64@gmail.com,pass064
65,Sanjay Kulkarni,sanjay.kulkarni65@gmail.com,pass065
66,Aryan Sethi,aryan.sethi66@gmail.com,pass066
67,Ananya Sharma,ananya.sharma67@gmail.com,pass067
68,Riya Mishra,riya.mishra68@gmail.com,pass068
69,Arjun Sharma,arjun.sharma69@gmail.com,pass069
70,Aditya Joshi,aditya.joshi70@gmail.com,pass070
71,Ananya Dubey,ananya.dubey71@gmail.com,pass071
72,Sara Iyer,sara.iyer72@gmail.com,pass072
73,Aman Pillai,aman.pillai73@gmail.com,pass073
74,Sneha Khanna,sneha.khanna74@gmail.com,pass074
75,Vikram Fernandes,vikram.fernandes75@gmail.com,pass075
76,Isha Gupta,isha.gupta76@gmail.com,pass076
77,Meera Singh,meera.singh77@gmail.com,pass077
78,Meera Joshi,meera.joshi78@gmail.com,pass078
79,Vikram Nair,vikram.nair79@gmail.com,pass079
80,Aisha Patel,aisha.patel80@gmail.com,pass080
81,Neha Malhotra,neha.malhotra81@gmail.com,pass081
82,Simran Gupta,simran.gupta82@gmail.com,pass082
83,Vikram Mishra,vikram.mishra83@gmail.com,pass083
84,Yash Sharma,yash.sharma84@gmail.com,pass084
85,Riya Chopra,riya.chopra85@gmail.com,pass085
86,Kunal Sharma,kunal.sharma86@gmail.com,pass086
87,Kiran Pillai,kiran.pillai87@gmail.com,pass087
88,Kabir Kapoor,kabir.kapoor88@gmail.com,pass088
89,Aisha Malhotra,aisha.malhotra89@gmail.com,pass089
90,Arjun Bhat,arjun.bhat90@gmail.com,pass090
91,Sara Chopra,sara.chopra91@gmail.com,pass091
92,Aditya Yadav,aditya.yadav92@gmail.com,pass092
93,Pooja Sethi,pooja.sethi93@gmail.com,pass093
94,Vikram Sethi,vikram.sethi94@gmail.com,pass094
95,Aisha Iyer,aisha.iyer95@gmail.com,pass095
96,Yash Rana,yash.rana96@gmail.com,pass096
97,Sara Kulkarni,sara.kulkarni97@gmail.com,pass097
98,Tanya Thomas,tanya.thomas98@gmail.com,pass098
99,Nisha Joshi,nisha.joshi99@gmail.com,pass099
100,Varun Thomas,varun.thomas100@gmail.com,pass100
101,Arjun Chopra,arjun.chopra101@gmail.com,pass101
102,Diya Arora,diya.arora102@gmail.com,pass102
103,Isha Sethi,isha.sethi103@gmail.com,pass103
104,Sneha Bhat,sneha.bhat104@gmail.com,pass104
105,Tanya Kapoor,tanya.kapoor105@gmail.com,pass105
106,Vikram Bose,vikram.bose106@gmail.com,pass106
107,Rohan Gupta,rohan.gupta107@gmail.com,pass107
108,Aisha Khanna,aisha.khanna108@gmail.com,pass108
109,Nikhil Verma,nikhil.verma109@gmail.com,pass109
110,Ananya Yadav,ananya.yadav110@gmail.com,pass110
111,Aditya Sharma,aditya.sharma111@gmail.com,pass111
112,Isha Bose,isha.bose112@gmail.com,pass112
113,Kabir Iyer,kabir.iyer113@gmail.com,pass113
114,Sanjay Arora,sanjay.arora114@gmail.com,pass114
115,Isha Pillai,isha.pillai115@gmail.com,pass115
116,Kabir Patel,kabir.patel116@gmail.com,pass116
117,Aryan Singh,aryan.singh117@gmail.com,pass117
118,Dev Khanna,dev.khanna118@gmail.com,pass118
119,Sneha Menon,sneha.menon119@gmail.com,pass119
120,Pooja Jain,pooja.jain120@gmail.com,pass120
121,Neha Das,neha.das121@gmail.com,pass121
122,Isha Menon,isha.menon122@gmail.com,pass122
123,Sara Nair,sara.nair123@gmail.com,pass123
124,Aditya Kapoor,aditya.kapoor124@gmail.com,pass124
125,Nikhil Dubey,nikhil.dubey125@gmail.com,pass125
126,Varun Nair,varun.nair126@gmail.com,pass126
127,Simran Sharma,simran.sharma127@gmail.com,pass127
128,Rohan Khanna,rohan.khanna128@gmail.com,pass128
129,Dev Reddy,dev.reddy129@gmail.com,pass129
130,Vikram Dubey,vikram.dubey130@gmail.com,pass130
131,Riya Sethi,riya.sethi131@gmail.com,pass131
132,Ananya Bose,ananya.bose132@gmail.com,pass132
133,Ananya Verma,ananya.verma133@gmail.com,pass133
134,Ananya Jain,ananya.jain134@gmail.com,pass134
135,Rohan Reddy,rohan.reddy135@gmail.com,pass135
136,Maya Iyer,maya.iyer136@gmail.com,pass136
137,Simran Thomas,simran.thomas137@gmail.com,pass137
138,Dev Bose,dev.bose138@gmail.com,pass138
139,Diya Saxena,diya.saxena139@gmail.com,pass139
140,Kunal Roy,kunal.roy140@gmail.com,pass140
141,Ananya Pillai,ananya.pillai141@gmail.com,pass141
142,Diya Rana,diya.rana142@gmail.com,pass142
143,Rahul Thomas,rahul.thomas143@gmail.com,pass143
144,Isha Arora,isha.arora144@gmail.com,pass144
145,Priya Kapoor,priya.kapoor145@gmail.com,pass145
146,Vikram Saxena,vikram.saxena146@gmail.com,pass146
147,Arjun Mishra,arjun.mishra147@gmail.com,pass147
148,Nikhil Pillai,nikhil.pillai148@gmail.com,pass148
149,Kunal Rana,kunal.rana149@gmail.com,pass149
150,Rohan Nair,rohan.nair150@gmail.com,pass150
151,Rohan Mishra,rohan.mishra151@gmail.com,pass151
152,Meera Patel,meera.patel152@gmail.com,pass152
153,Neha Bhat,neha.bhat153@gmail.com,pass153
154,Kabir Dubey,kabir.dubey154@gmail.com,pass154
155,Sara Roy,sara.roy155@gmail.com,pass155
156,Sanjay Gupta,sanjay.gupta156@gmail.com,pass156
157,Isha Verma,isha.verma157@gmail.com,pass157
158,Riya Gupta,riya.gupta158@gmail.com,pass158
159,Tanya Yadav,tanya.yadav159@gmail.com,pass159
160,Rohan Fernandes,rohan.fernandes160@gmail.com,pass160
161,Aditya Pillai,aditya.pillai161@gmail.com,pass161
162,Aditya Kulkarni,aditya.kulkarni162@gmail.com,pass162
163,Rohan Patel,rohan.patel163@gmail.com,pass163
164,Kunal Yadav,kunal.yadav164@gmail.com,pass164
165,Aman Kapoor,aman.kapoor165@gmail.com,pass165
166,Riya Menon,riya.menon166@gmail.com,pass166
167,Sneha Fernandes,sneha.fernandes167@gmail.com,pass167
168,Neha Bose,neha.bose168@gmail.com,pass168
169,Sara Singh,sara.singh169@gmail.com,pass169
170,Priya Das,priya.das170@gmail.com,pass170
171,Aditya Sethi,aditya.sethi171@gmail.com,pass171
172,Nisha Bhat,nisha.bhat172@gmail.com,pass172
173,Rahul Patel,rahul.patel173@gmail.com,pass173
174,Rahul Bose,rahul.bose174@gmail.com,pass174
175,Kiran Chopra,kiran.chopra175@gmail.com,pass175
176,Isha Dubey,isha.dubey176@gmail.com,pass176
177,Rahul Khanna,rahul.khanna177@gmail.com,pass177
178,Isha Yadav,isha.yadav178@gmail.com,pass178
179,Diya Singh,diya.singh179@gmail.com,pass179
180,Sara Pillai,sara.pillai180@gmail.com,pass180
181,Nisha Gupta,nisha.gupta181@gmail.com,pass181
182,Ananya Joshi,ananya.joshi182@gmail.com,pass182
183,Neha Sharma,neha.sharma183@gmail.com,pass183
184,Neha Yadav,neha.yadav184@gmail.com,pass184
185,Ananya Reddy,ananya.reddy185@gmail.com,pass185
186,Kabir Saxena,kabir.saxena186@gmail.com,pass186
187,Simran Mishra,simran.mishra187@gmail.com,pass187
188,Varun Saxena,varun.saxena188@gmail.com,pass188
189,Diya Gupta,diya.gupta189@gmail.com,pass189
190,Aisha Bhat,aisha.bhat190@gmail.com,pass190
191,Yash Chopra,yash.chopra191@gmail.com,pass191
192,Kunal Reddy,kunal.reddy192@gmail.com,pass192
193,Pooja Patel,pooja.patel193@gmail.com,pass193
194,Neha Khanna,neha.khanna194@gmail.com,pass194
195,Yash Pillai,yash.pillai195@gmail.com,pass195
196,Priya Dubey,priya.dubey196@gmail.com,pass196
197,Kunal Nair,kunal.nair197@gmail.com,pass197
198,Dev Singh,dev.singh198@gmail.com,pass198
199,Aman Menon,aman.menon199@gmail.com,pass199
200,Meera Rana,meera.rana200@gmail.com,pass200
201,Sanjay Bose,sanjay.bose201@gmail.com,pass201
202,Nisha Singh,nisha.singh202@gmail.com,pass202
203,Sara Thomas,sara.thomas203@gmail.com,pass203
204,Pooja Roy,pooja.roy204@gmail.com,pass204
205,Sanjay Sethi,sanjay.sethi205@gmail.com,pass205
206,Yash Das,yash.das206@gmail.com,pass206
207,Arjun Yadav,arjun.yadav207@gmail.com,pass207
208,Vikram Roy,vikram.roy208@gmail.com,pass208
209,Maya Sharma,maya.sharma209@gmail.com,pass209
210,Kunal Sethi,kunal.sethi210@gmail.com,pass210
211,Nisha Das,nisha.das211@gmail.com,pass211
212,Rahul Sharma,rahul.sharma212@gmail.com,pass212
213,Aditya Gupta,aditya.gupta213@gmail.com,pass213
214,Aditya Khanna,aditya.khanna214@gmail.com,pass214
215,Pooja Sharma,pooja.sharma215@gmail.com,pass215
216,Diya Sethi,diya.sethi216@gmail.com,pass216
217,Dev Rana,dev.rana217@gmail.com,pass217
218,Sara Verma,sara.verma218@gmail.com,pass218
219,Riya Thomas,riya.thomas219@gmail.com,pass219
220,Riya Reddy,riya.reddy220@gmail.com,pass220
221,Simran Nair,simran.nair221@gmail.com,pass221
222,Priya Chopra,priya.chopra222@gmail.com,pass222
223,Tanya Mishra,tanya.mishra223@gmail.com,pass223
224,Priya Sharma,priya.sharma224@gmail.com,pass224
225,Kabir Bose,kabir.bose225@gmail.com,pass225
226,Isha Chopra,isha.chopra226@gmail.com,pass226
227,Aryan Das,aryan.das227@gmail.com,pass227
228,Diya Malhotra,diya.malhotra228@gmail.com,pass228
229,Nikhil Thomas,nikhil.thomas229@gmail.com,pass229
230,Varun Rana,varun.rana230@gmail.com,pass230
231,Isha Iyer,isha.iyer231@gmail.com,pass231
232,Kunal Gupta,kunal.gupta232@gmail.com,pass232
233,Maya Kulkarni,maya.kulkarni233@gmail.com,pass233
234,Meera Sethi,meera.sethi234@gmail.com,pass234
235,Aisha Sethi,aisha.sethi235@gmail.com,pass235
236,Aman Patel,aman.patel236@gmail.com,pass236
237,Kiran Dubey,kiran.dubey237@gmail.com,pass237
238,Nikhil Chopra,nikhil.chopra238@gmail.com,pass238
239,Diya Menon,diya.menon239@gmail.com,pass239
240,Rahul Gupta,rahul.gupta240@gmail.com,pass240
241,Isha Kapoor,isha.kapoor241@gmail.com,pass241
242,Varun Fernandes,varun.fernandes242@gmail.com,pass242
243,Maya Chopra,maya.chopra243@gmail.com,pass243
244,Aman Mishra,aman.mishra244@gmail.com,pass244
245,Kabir Verma,kabir.verma245@gmail.com,pass245
246,Tanya Pillai,tanya.pillai246@gmail.com,pass246
247,Diya Reddy,diya.reddy247@gmail.com,pass247
248,Rahul Roy,rahul.roy248@gmail.com,pass248
249,Nikhil Roy,nikhil.roy249@gmail.com,pass249
250,Arjun Rana,arjun.rana250@gmail.com,pass250
251,Vikram Das,vikram.das251@gmail.com,pass251
252,Diya Kapoor,diya.kapoor252@gmail.com,pass252
253,Ananya Roy,ananya.roy253@gmail.com,pass253
254,Sneha Kapoor,sneha.kapoor254@gmail.com,pass254
255,Varun Joshi,varun.joshi255@gmail.com,pass255
256,Sneha Chopra,sneha.chopra256@gmail.com,pass256
257,Aman Khanna,aman.khanna257@gmail.com,pass257
258,Meera Verma,meera.verma258@gmail.com,pass258
259,Ananya Thomas,ananya.thomas259@gmail.com,pass259
260,Kunal Iyer,kunal.iyer260@gmail.com,pass260
261,Arjun Verma,arjun.verma261@gmail.com,pass261
262,Neha Rana,neha.rana262@gmail.com,pass262
263,Aisha Verma,aisha.verma263@gmail.com,pass263
264,Rohan Sharma,rohan.sharma264@gmail.com,pass264
265,Kunal Singh,kunal.singh265@gmail.com,pass265
266,Sanjay Iyer,sanjay.iyer266@gmail.com,pass266
267,Vikram Verma,vikram.verma267@gmail.com,pass267
268,Rahul Arora,rahul.arora268@gmail.com,pass268
269,Kiran Jain,kiran.jain269@gmail.com,pass269
270,Nisha Rana,nisha.rana270@gmail.com,pass270
271,Varun Iyer,varun.iyer271@gmail.com,pass271
272,Riya Iyer,riya.iyer272@gmail.com,pass272
273,Aditya Das,aditya.das273@gmail.com,pass273
274,Nikhil Bhat,nikhil.bhat274@gmail.com,pass274
275,Meera Roy,meera.roy275@gmail.com,pass275
276,Dev Yadav,dev.yadav276@gmail.com,pass276
277,Diya Mishra,diya.mishra277@gmail.com,pass277
278,Aisha Arora,aisha.arora278@gmail.com,pass278
279,Simran Roy,simran.roy279@gmail.com,pass279
280,Kiran Yadav,kiran.yadav280@gmail.com,pass280
281,Kunal Khanna,kunal.khanna281@gmail.com,pass281
282,Rohan Saxena,rohan.saxena282@gmail.com,pass282
283,Sneha Mishra,sneha.mishra283@gmail.com,pass283
284,Kabir Das,kabir.das284@gmail.com,pass284
285,Kabir Bhat,kabir.bhat285@gmail.com,pass285
286,Vikram Yadav,vikram.yadav286@gmail.com,pass286
287,Maya Bhat,maya.bhat287@gmail.com,pass287
288,Arjun Joshi,arjun.joshi288@gmail.com,pass288
289,Isha Fernandes,isha.fernandes289@gmail.com,pass289
290,Vikram Rana,vikram.rana290@gmail.com,pass290
291,Pooja Menon,pooja.menon291@gmail.com,pass291
292,Simran Fernandes,simran.fernandes292@gmail.com,pass292
293,Nisha Jain,nisha.jain293@gmail.com,pass293
294,Sara Saxena,sara.saxena294@gmail.com,pass294
295,Rahul Saxena,rahul.saxena295@gmail.com,pass295
296,Rohan Chopra,rohan.chopra296@gmail.com,pass296
297,Kabir Roy,kabir.roy297@gmail.com,pass297
298,Meera Sharma,meera.sharma298@gmail.com,pass298
299,Priya Malhotra,priya.malhotra299@gmail.com,pass299
300,Dev Menon,dev.menon300@gmail.com,pass300
301,Test User,test@example.com,TestPass123
